staff_name,staff_id,role,team_id,hotel_id
Ramon Thompson,1,nutritionist,12,37
Erick Robinson,2,tech_analyst,3,59
Adeline Vaughan,3,tech_analyst,1,54
Bob Moran,4,nutritionist,3,59
Dalia Cavanagh,5,tech_analyst,5,58
Phillip Brock,6,physio,7,45
Jenna Furnell,7,physio,2,87
Camden Judd,8,nutritionist,7,88
Remy Richards,9,physio,6,76
Nate Tindall,10,physio,1,66
Angelina Robinson,11,coach,9,54
Vera Willis,12,physio,2,30
Josh Woods,13,coach,4,97
Chuck Evans,14,coach,7,62
Michael Bennett,15,physio,7,22
Leah Cork,16,nutritionist,8,37
Peter Owen,17,coach,1,5
Enoch Aldridge,18,physio,9,57
Margaret Mccall,19,coach,11,8
Angelica Mason,20,coach,10,15
Chad Powell,21,coach,5,96
Manuel Vangness,22,physio,6,81
Jasmine Dixon,23,nutritionist,1,78
Livia Gibbons,24,nutritionist,11,88
Kurt Victor,25,nutritionist,8,9
Isla Vallory,26,tech_analyst,6,60
Rachael Franks,27,nutritionist,6,83
Jayden Boden,28,physio,5,52
Marvin Osmond,29,tech_analyst,10,66
Danny Russell,30,physio,8,60
Kieth Moss,31,physio,11,73
Carl Vincent,32,tech_analyst,9,93
Leroy Lee,33,physio,4,57
Daniel Mcleod,34,nutritionist,6,50
Enoch Norris,35,physio,1,78
Tom Walsh,36,coach,12,49
Javier Wood,37,tech_analyst,2,24
Elly Farrell,38,nutritionist,12,57
Sasha Antcliff,39,physio,6,68
Marie Malone,40,nutritionist,7,11
Moira Milner,41,physio,4,73
Benjamin Squire,42,physio,5,15
Ethan Fox,43,physio,2,65
Valentina Evans,44,tech_analyst,1,80
Ramon Flanders,45,coach,8,96
Daniel Irving,46,tech_analyst,8,8
Melinda Payne,47,nutritionist,2,37
Hayden Radcliffe,48,tech_analyst,11,27
Ramon Rowan,49,coach,9,48
Logan Rust,50,tech_analyst,9,33
Benny Shelton,51,tech_analyst,3,49
Michaela Garner,52,nutritionist,1,61
Daron Archer,53,tech_analyst,1,17
Rachael Briggs,54,physio,12,62
Dasha Plant,55,physio,12,4
Daniel Yates,56,physio,7,56
Anthony Barclay,57,tech_analyst,9,97
Celina Exton,58,tech_analyst,9,38
Daniel Norton,59,coach,4,61
Kieth Jeffery,60,tech_analyst,4,10
Taylor Warren,61,nutritionist,8,11
Doug Graham,62,tech_analyst,1,6
George Simmons,63,physio,7,75
Stephanie Jones,64,coach,7,6
Natalie Bailey,65,physio,12,50
Nicole Stewart,66,nutritionist,2,31
Maxwell Thomson,67,coach,6,76
Shay Rowe,68,nutritionist,5,77
Lynn Woodcock,69,coach,10,49
Francesca Harper,70,coach,1,49
Fred Beal,71,tech_analyst,6,13
Piper Poole,72,physio,1,32
Kurt Janes,73,nutritionist,4,41
Jolene Clark,74,coach,12,96
Alison Logan,75,physio,11,71
Alan Carpenter,76,physio,5,70
Katelyn Wallace,77,nutritionist,2,47
Roger Emmett,78,physio,8,96
Marvin Tailor,79,tech_analyst,8,14
Julian Moran,80,physio,4,38
Macy Mcguire,81,nutritionist,8,84
Hank Yang,82,nutritionist,10,99
Nick Healy,83,tech_analyst,6,87
Manuel Antcliff,84,physio,1,70
Valentina Russell,85,coach,5,61
Kurt Roberts,86,tech_analyst,10,96
Rick Farrell,87,physio,12,47
Aiden Keys,88,physio,10,19
Summer Torres,89,coach,12,42
Fred Allen,90,tech_analyst,2,55
Barry Coll,91,coach,9,1
Daron Appleton,92,coach,12,84
Lindsay Simpson,93,coach,9,55
Mona Flett,94,tech_analyst,8,98
Deborah Mitchell,95,nutritionist,5,9
Angelique Ellison,96,coach,11,74
Caydence Ellis,97,tech_analyst,2,45
Bob Wills,98,tech_analyst,6,6
Tyler Dann,99,nutritionist,1,72
Judith Russell,100,coach,6,65
Jack Uddin,101,nutritionist,12,87
Rufus Hewitt,102,physio,4,5
Kate Stevenson,103,coach,11,9
Tom Speed,104,coach,1,32
Mackenzie Quinnell,105,nutritionist,9,2
Mike Mason,106,physio,2,71
Eduardo Garner,107,nutritionist,1,97
Tara Stone,108,coach,10,99
Sylvia Lunt,109,nutritionist,4,54
Faith Brown,110,nutritionist,7,73
Anabelle Sloan,111,physio,1,52
Tiffany Rowe,112,nutritionist,5,95
Elle Preston,113,nutritionist,10,68
Percy Hammond,114,physio,4,30
Owen Griffiths,115,nutritionist,1,73
Carter Richards,116,coach,9,39
Greta Stewart,117,physio,2,21
Juliet Gates,118,physio,12,33
Jamie Lewin,119,nutritionist,1,39
Kurt Denton,120,nutritionist,12,37
Rihanna Radley,121,physio,4,42
Fred Ebden,122,nutritionist,6,82
Johnny Benson,123,physio,11,45
Gina Flynn,124,physio,1,57
Rose Sheldon,125,physio,7,93
Chloe Roth,126,coach,3,90
Matt Higgs,127,nutritionist,6,26
Aurelia Brett,128,coach,5,71
Barney Faulkner,129,coach,4,92
Hannah Eastwood,130,coach,1,64
Chris Norman,131,tech_analyst,6,82
Callie Rodwell,132,physio,7,90
Goldie Bailey,133,tech_analyst,1,95
Sebastian Graves,134,physio,8,42
Abbey Devonport,135,physio,4,32
Marla Beal,136,coach,2,99
Abdul Evans,137,physio,12,4
John Kent,138,coach,1,64
John Kidd,139,physio,6,80
Denny Calderwood,140,coach,4,32
Logan Hamilton,141,coach,5,90
Piper Oswald,142,nutritionist,5,31
Joyce Brennan,143,physio,8,39
Roger Armstrong,144,nutritionist,9,2
Clint Craig,145,physio,7,74
Adela Allen,146,tech_analyst,9,17
Mike Douglas,147,nutritionist,1,12
Abdul Santos,148,tech_analyst,11,16
Elijah Forester,149,tech_analyst,11,17
Abdul Dwyer,150,physio,4,86
